,lemma,hum_winner,hum_0,hum_n,hum_s,hum_r,hum_e,hum_entropy,hum_varentropy,hum_confidence,tri_0,tri_n,tri_e,tri_r,tri_s,tri_winner,tri_entropy,tri_varentropy,tri_confidence,mbert_lemma,mbert_prediction,mbert_entropy,mbert_confidence,mbert_varentropy,mbert_attn_entropy,mbert_attn_sparsity,mbert_tokens,mbert_prob_n,mbert_prob_s,mbert_prob_e,mbert_prob_r,mbert_prob_0,gbert_lemma,gbert_prediction,gbert_entropy,gbert_confidence,gbert_varentropy,gbert_attn_entropy,gbert_attn_sparsity,gbert_tokens,gbert_prob_n,gbert_prob_s,gbert_prob_e,gbert_prob_r,gbert_prob_0,condition,trigram_suffix,frequency,log_frequency
0,Park,s,0.0,0.0,0.977,0.0,0.023,0.1579685469996633,0.6573559617742628,0.93196664989433,0.0050761421319796,0.2436548223350254,0.2715736040609137,0.0,0.4796954314720812,s,1.5541401803905472,0.3898916183217535,0.3306682563458368,Park,s,1.2072,0.7236,1.6635,2.1121,0.5838,['Park'],0.0168,0.7236,0.1015,0.0018,0.1563,Park,e,1.068,0.5646,0.513,1.8089,0.6167,['Park'],0.0068,0.4255,0.5646,0.0014,0.0017,alternation,ark,788.0,2.89707700320942
1,Biskuit,s,0.0959,0.0091,0.8721,0.0,0.0227999999999999,0.6826148520161587,1.7618114218367518,0.7060137850439022,0.0530973451327433,0.6106194690265486,0.2699115044247787,0.0088495575221238,0.0575221238938053,n,1.4667425952859323,1.4618228679333596,0.3683083474826187,Biskuit,0,1.9157,0.4679,0.9744,1.7336,0.6972,"['Bis', '##kui', '##t']",0.2665,0.0649,0.1432,0.0575,0.4679,Biskuit,e,1.1003,0.5743,0.6562,2.2984,0.5369,"['Bis', '##ku', '##it']",0.0047,0.4098,0.5743,0.0009,0.0104,alternation,uit,226.0,2.3560258571931225
2,Jodel,0,0.7070000000000001,0.107,0.1488,0.0372,0.0,1.2842869556998748,1.6028373089451715,0.4468877143406217,0.1,0.7303571428571428,0.0160714285714285,0.0,0.1535714285714285,n,1.1741644526132478,1.5677500992456208,0.4943148949363968,Jodel,n,0.3715,0.9501,1.7271,2.1051,0.5998,"['Jo', '##del']",0.9501,0.0067,0.0271,0.0066,0.0095,Jodel,s,1.0138,0.7196,1.2294,2.1604,0.5608,"['Jo', '##del']",0.0194,0.7196,0.2534,0.0019,0.0058,alternation,del,560.0,2.7489628612561616
3,Schal,s,0.0091,0.0,0.9224,0.0,0.0684999999999999,0.4341306979870665,1.2670857542156315,0.8130300852369305,0.0241935483870967,0.4919354838709677,0.3951612903225806,0.0,0.0887096774193548,n,1.4727092518372378,0.8363350236778411,0.3657386483758965,Schal,s,1.7855,0.5013,1.0627,1.7513,0.6838,"['Sc', '##hal']",0.1799,0.5013,0.2478,0.0359,0.0351,Schal,s,0.5351,0.8796,0.9303,1.8346,0.605,['Schal'],0.0004,0.8796,0.1199,0.0001,0.0,alternation,hal,124.0,2.0969100130080562
4,Test,s,0.0046,0.0,0.9635,0.0,0.032,0.2463056322882457,1.008497966772227,0.8939219380520075,0.0685823754789272,0.0766283524904214,0.1057471264367816,0.0026819923371647,0.746360153256705,s,1.2297996214393048,2.004720789732829,0.4703541319185584,Test,e,0.8285,0.852,2.2252,1.8764,0.6396,['Test'],0.0266,0.0902,0.852,0.0067,0.0245,Test,e,0.0723,0.9918,0.4497,2.0373,0.5696,['Test'],0.0004,0.0077,0.9918,0.0,0.0002,alternation,est,2610.0,3.4168068718229443
5,Boykott,e,0.0046,0.0,0.4861999999999999,0.0,0.5092,1.0373528115674475,0.2102169542967786,0.5532364616063745,0.056338028169014,0.5727699530516432,0.1455399061032863,0.1924882629107981,0.0328638497652582,n,1.718462167375773,1.3981027675490836,0.259898628575259,Boykott,s,0.4873,0.9256,1.8037,2.0251,0.619,"['Boyko', '##tt']",0.0365,0.9256,0.0299,0.0076,0.0004,Boykott,e,0.92,0.6688,0.2712,2.1388,0.552,"['Boy', '##ko', '##tt']",0.0003,0.3309,0.6688,0.0,0.0,alternation,ott,213.0,2.330413773349191
6,Kabarett,s,0.032,0.0,0.7717,0.0,0.1963,0.9085172314345424,1.1545850720103776,0.608722925815403,0.0024875621890547,0.8258706467661692,0.1467661691542288,0.0087064676616915,0.0161691542288557,n,0.8115799709932405,1.695578522727511,0.650471531491327,Kabarett,0,1.4017,0.6781,1.78,1.335,0.7628,"['Ka', '##baret', '##t']",0.0993,0.1733,0.0378,0.0115,0.6781,Kabarett,s,1.3727,0.5087,1.136,1.652,0.7025,"['Kabar', '##ett']",0.0365,0.5087,0.4245,0.0077,0.0225,alternation,ett,1608.0,3.2065560440990297
7,Bukett,s,0.0227999999999999,0.0594,0.8081999999999999,0.0046,0.105,0.991747935771478,2.14413789734976,0.5728774125455474,0.0024875621890547,0.8258706467661692,0.1467661691542288,0.0087064676616915,0.0161691542288557,n,0.8115799709932405,1.695578522727511,0.650471531491327,Bukett,s,0.9824,0.8066,2.0561,2.1373,0.5933,"['Bu', '##ket', '##t']",0.0952,0.8066,0.0123,0.0049,0.0811,Bukett,s,0.7706,0.8579,2.0574,1.608,0.7097,"['Buk', '##ett']",0.0239,0.8579,0.1009,0.0089,0.0083,alternation,ett,1608.0,3.2065560440990297
8,Labor,e,0.0046999999999999,0.0093999999999999,0.1737,0.0,0.8122,0.7820225114718622,1.2765341943734727,0.6632012364233879,0.0,0.4698795180722891,0.0240963855421686,0.0,0.5060240963855421,s,1.138798247101917,0.4458897048398962,0.5095462905981331,Labor,e,0.9788,0.6649,0.5951,1.5873,0.7165,['Labor'],0.0011,0.3274,0.6649,0.0002,0.0065,Labor,e,0.6884,0.8257,0.9297,1.3019,0.7743,['Labor'],0.0018,0.1719,0.8257,0.0004,0.0002,alternation,bor,83.0,1.9242792860618816
9,Fazit,s,0.0571,0.0048,0.5619,0.0,0.3762,1.2707044693239586,0.7812049130853425,0.45273737282308,0.0,0.1481481481481481,0.8333333333333334,0.0,0.0185185185185185,e,0.7338988107776284,1.2567145873637058,0.6839269862001346,Fazit,s,1.2165,0.7584,2.2455,1.6081,0.7077,"['Faz', '##it']",0.0917,0.7584,0.0995,0.0207,0.0296,Fazit,s,0.8445,0.7737,1.0435,1.1739,0.7987,['Fazit'],0.0098,0.7737,0.2149,0.0016,0.0001,alternation,zit,54.0,1.7403626894942439
10,Limit,s,0.0276,0.0,0.9539,0.0,0.0184,0.3139570650587855,1.2575335995868668,0.8647860518376579,0.0508474576271186,0.1016949152542373,0.0,0.0,0.847457627118644,s,0.7562452189342711,1.5214713809639062,0.6743029120499285,Limit,e,0.7661,0.8497,1.8062,1.6139,0.6683,['Limit'],0.0199,0.1147,0.8497,0.0002,0.0154,Limit,0,0.9995,0.7422,1.3537,1.5927,0.6989,"['Lim', '##it']",0.003,0.2229,0.0292,0.0028,0.7422,alternation,mit,118.0,2.0755469613925306
11,Konto,n,0.0,0.9174,0.0825999999999999,0.0,0.0,0.4112748418942123,0.9141820375255558,0.8228735666708217,0.0231292517006802,0.9360544217687076,0.0,0.0,0.0408163265306122,n,0.4032824296495021,1.3980803446564662,0.8263157112670771,Konto,r,0.6557,0.8501,1.1961,1.4096,0.7395,"['Ko', '##nto']",0.0005,0.143,0.0057,0.8501,0.0006,Konto,s,0.143,0.9841,0.8968,1.1104,0.8,['Konto'],0.0064,0.9841,0.0045,0.0048,0.0001,alternation,nto,735.0,2.866877814337499
12,Pastorale,0,0.5093,0.4861,0.0046,0.0,0.0,1.0373461143120437,0.2102366844674548,0.5532393459572805,0.2615535889872173,0.7364798426745329,0.0,0.0,0.0019665683382497,n,0.8487345073393866,0.561141116794181,0.634469943660956,Pastorale,e,2.172,0.3281,0.3632,2.3953,0.5464,"['Pastor', '##ale']",0.2493,0.1394,0.3281,0.2102,0.073,Pastorale,n,1.8617,0.4088,1.0038,2.0406,0.5708,"['Pastor', '##ale']",0.4088,0.3759,0.0999,0.069,0.0463,alternation,ale,1017.0,3.00774777800074
13,Datscha,n,0.0876,0.4562,0.4424,0.0,0.0138,1.4300603514884165,0.7601691566456243,0.3841065299837422,0.1764705882352941,0.6470588235294118,0.0,0.0,0.1764705882352941,n,1.2896085583481507,0.8024217137903353,0.4445958248286279,Datscha,0,1.4279,0.7141,2.2382,2.1263,0.6139,"['Dat', '##sch', '##a']",0.0635,0.0948,0.0687,0.0589,0.7141,Datscha,n,1.3507,0.6194,1.198,1.6452,0.7157,"['Dat', '##scha']",0.6194,0.2806,0.0164,0.082,0.0016,alternation,cha,17.0,1.255272505103306
14,Playlist,s,0.0092,0.3456,0.6452,0.0,0.0,0.9998580662260096,0.4910799123921154,0.5693845694758635,0.0081812460667086,0.8407803650094399,0.0830711139081183,0.0226557583385777,0.0453115166771554,n,0.8913316189191585,2.301109290084546,0.6161243662619116,Playlist,s,0.0063,0.9996,0.0725,2.5162,0.5258,"['Play', '##list']",0.0002,0.9996,0.0001,0.0,0.0001,Playlist,s,0.0397,0.9959,0.2877,1.5476,0.7196,"['Play', '##list']",0.0038,0.9959,0.0001,0.0001,0.0,alternation,ist,3178.0,3.5022905279147727
15,Tafel,n,0.032,0.968,0.0,0.0,0.0,0.2043246709802796,0.7494709967842281,0.9120021539727348,0.6032285471537808,0.3933729821580289,0.0,0.0,0.0033984706881903,0,0.9972508024319522,0.2675431084231526,0.5705074568726776,Tafel,0,0.0014,0.9999,0.0191,2.6127,0.4556,['Tafel'],0.0,0.0,0.0,0.0,0.9999,Tafel,0,0.0,1.0,0.0,1.6816,0.7112,['Tafel'],0.0,0.0,0.0,0.0,1.0,real,fel,1177.0,3.0711452904510828
16,Lawine,n,0.0,1.0,0.0,0.0,0.0,-0.0,0.0,1.0,0.1908964235949837,0.7561542034370645,0.0,0.0,0.0529493729679516,n,0.9854605233992808,1.193020418131281,0.5755852536651933,Lawine,e,1.4055,0.709,2.1304,2.0071,0.6272,"['Law', '##ine']",0.0562,0.086,0.709,0.1193,0.0295,Lawine,n,1.6638,0.5566,1.3944,1.9194,0.5821,"['Law', '##ine']",0.5566,0.2755,0.0869,0.0428,0.0382,real,ine,2153.0,3.3332456989619628
17,Wartezeit,n,0.0137,0.9863,0.0,0.0,0.0,0.1044275298572807,0.5143618847406538,0.9550255108729598,0.0002236235967619,0.989355516794132,0.009615814660763,0.000357797754819,0.0004472471935238,n,0.0914887185968161,0.5587195617478358,0.960597953572178,Wartezeit,e,1.4404,0.6608,1.6874,2.329,0.5591,"['War', '##tez', '##eit']",0.1079,0.1821,0.6608,0.0111,0.0381,Wartezeit,n,0.9827,0.7917,1.9349,2.2394,0.5437,"['Warte', '##zeit']",0.7917,0.0297,0.1541,0.0051,0.0194,real,eit,22359.0,4.349471799214386
18,Teppich,e,0.0046,0.0,0.0,0.0,0.9954,0.0423362019642819,0.2755490339665003,0.981766790256123,0.0104723231459713,0.5229749946569779,0.4565078008121393,0.007693951699081,0.0023509296858303,n,1.1489573727235374,0.7332196970142522,0.5051709933423782,Teppich,0,1.938,0.4944,1.0543,2.2542,0.5762,"['Te', '##ppi', '##ch']",0.2309,0.0918,0.0879,0.095,0.4944,Teppich,e,0.1021,0.9879,0.6072,1.9235,0.5945,['Teppich'],0.0005,0.0109,0.9879,0.0003,0.0005,real,ich,4679.0,3.670245853074124
19,Hase,n,0.0,1.0,0.0,0.0,0.0,-0.0,0.0,1.0,0.0165876777251184,0.9739336492890996,0.0,0.0,0.0094786729857819,n,0.1989137423859165,0.9701396072533016,0.914332514075736,Hase,0,0.6153,0.901,2.0634,2.0996,0.6046,"['Has', '##e']",0.0278,0.0032,0.0559,0.0121,0.901,Hase,e,0.7481,0.8824,2.4427,2.2046,0.538,"['Has', '##e']",0.031,0.0155,0.8824,0.0422,0.0288,real,ase,844.0,2.926856708949692
20,Untertitel,0,1.0,0.0,0.0,0.0,0.0,-0.0,0.0,1.0,0.5690771222489366,0.2626225263547254,0.0007397817643795,0.0,0.1675605696319585,0,1.408953961407335,0.5614321391729701,0.3931965574172167,Untertitel,n,1.2727,0.6512,1.2606,2.1023,0.6125,"['Unter', '##titel']",0.6512,0.263,0.0736,0.0021,0.0101,Untertitel,n,0.4678,0.9311,1.8217,1.5682,0.7044,['Untertitel'],0.9311,0.0228,0.0321,0.0138,0.0002,real,tel,5407.0,3.7330366829335797
21,Freizeichen,0,1.0,0.0,0.0,0.0,0.0,-0.0,0.0,1.0,0.9840862422997948,0.0110369609856262,0.0041067761806981,0.0,0.0007700205338809,0,0.135053780503788,0.7892978572523726,0.941835502657829,Freizeichen,s,1.3552,0.6981,1.7822,1.9011,0.6363,"['Frei', '##zeichen']",0.0547,0.6981,0.143,0.0037,0.1005,Freizeichen,s,2.0168,0.3237,0.5566,2.2826,0.5186,"['Frei', '##zeichen']",0.0807,0.3237,0.279,0.0347,0.2819,real,hen,3896.0,3.5907304057926903
22,Becken,0,1.0,0.0,0.0,0.0,0.0,-0.0,0.0,1.0,0.946153846153846,0.0071794871794871,0.0266666666666666,0.0005128205128205,0.0194871794871794,0,0.3824381568361444,1.643263455247319,0.8352928509378768,Becken,0,1.6963,0.507,0.8645,2.2401,0.5644,['Becken'],0.2439,0.0488,0.1967,0.0036,0.507,Becken,0,0.222,0.9733,1.2329,2.0022,0.561,['Becken'],0.0076,0.0066,0.0118,0.0006,0.9733,real,ken,1950.0,3.2902572693945182
23,Kissen,0,1.0,0.0,0.0,0.0,0.0,-0.0,0.0,1.0,0.9463487332339792,0.0198708395429706,0.0307998012916045,0.0004967709885742,0.0024838549428713,0,0.3692110155655898,1.5269994426781897,0.8409894706134298,Kissen,0,0.8598,0.8503,2.3352,2.6022,0.5066,"['Kiss', '##en']",0.0143,0.0689,0.0535,0.013,0.8503,Kissen,e,1.8214,0.4596,0.9392,2.3726,0.5177,"['Kiss', '##en']",0.0883,0.1229,0.4596,0.0172,0.312,real,sen,2013.0,3.3040594662175993
24,Gupel,0,0.53,0.3547999999999999,0.1106,0.0,0.0046,1.4028887715065113,0.662766679510057,0.3958086925277649,0.43342776203966,0.5127478753541076,0.0113314447592068,0.0,0.0424929178470254,n,1.2837628876389884,0.8143374156871973,0.4471134181692804,Gupel,n,2.1492,0.3417,0.3947,2.3372,0.5677,"['G', '##upe', '##l']",0.3417,0.0588,0.2387,0.206,0.1548,Gupel,n,0.9247,0.8153,1.9304,2.2128,0.5445,"['Gu', '##pel']",0.8153,0.1211,0.0231,0.0402,0.0003,nonce,pel,353.0,2.5490032620257876
25,Maffer,0,0.8065000000000001,0.1429,0.0415,0.0092,0.0,0.9040747719646812,1.6817885479374128,0.6106361889692634,0.7281780902167545,0.247510251903925,0.0005858230814294,0.0,0.023725834797891,0,0.9661834535818096,0.9820987699431272,0.5838874357439223,Maffer,n,1.1604,0.7458,1.8245,1.3258,0.7677,"['Ma', '##ffer']",0.7458,0.1239,0.1135,0.0096,0.0072,Maffer,s,1.7642,0.5477,1.1773,1.6422,0.7113,"['Maf', '##fer']",0.1047,0.5477,0.1466,0.0148,0.1863,nonce,fer,3414.0,3.5333907080175515
26,Morfett,e,0.0323,0.3226,0.2673,0.0,0.3779,1.725841588413266,0.3866744688730714,0.2567204849222571,0.0024875621890547,0.8258706467661692,0.1467661691542288,0.0087064676616915,0.0161691542288557,n,0.8115799709932405,1.695578522727511,0.650471531491327,Morfett,0,0.0001,1.0,0.0011,2.6824,0.4423,"['Mor', '##fet', '##t']",0.0,0.0,0.0,0.0,1.0,Morfett,0,0.0,1.0,0.0,1.609,0.718,"['Mor', '##fe', '##tt']",0.0,0.0,0.0,0.0,1.0,nonce,ett,1608.0,3.2065560440990297
27,Trilit,s,0.0374,0.1682,0.5514,0.0046999999999999,0.2382999999999999,1.6128571426232907,1.0597515927875778,0.3053802371509135,0.0625,0.8671875,0.0390625,0.0,0.03125,n,0.7672671746929799,2.084060305638441,0.6695560140805306,Trilit,n,1.9369,0.5069,1.0757,1.5207,0.7308,"['Tri', '##lit']",0.5069,0.1926,0.0675,0.1012,0.1319,Trilit,e,1.5743,0.5757,1.3812,1.38,0.753,"['Tri', '##lit']",0.1013,0.2719,0.5757,0.0269,0.0241,nonce,lit,128.0,2.110589710299249
28,Knidoka,s,0.1546,0.2271,0.6184000000000001,0.0,0.0,1.330864898863963,0.6864819886841456,0.4268276860965739,0.0,1.0,0.0,0.0,0.0,n,-0.0,0.0,1.0,Knidoka,0,1.6859,0.5559,1.3638,2.0107,0.6267,"['K', '##ni', '##dok', '##a']",0.2634,0.0866,0.0672,0.027,0.5559,Knidoka,0,0.9337,0.8338,2.3984,2.1034,0.5516,"['Kn', '##ido', '##ka']",0.0215,0.0895,0.0333,0.0219,0.8338,nonce,oka,105.0,2.0253058652647704
29,Grimzo,s,0.0758,0.1848,0.7345999999999999,0.0,0.0046999999999999,1.0954877811960777,1.3727752637008428,0.5281990929830149,0.2,0.2,0.2,0.2,0.2,0,2.321928094887362,0.0,0.0,Grimzo,e,1.1922,0.7698,2.3428,1.5712,0.7139,"['G', '##rim', '##zo']",0.1067,0.0461,0.7698,0.0551,0.0222,Grimzo,s,1.4858,0.6242,1.6405,1.6983,0.6962,"['Gri', '##mz', '##o']",0.0326,0.6242,0.0601,0.0311,0.252,nonce,mzo,0.0,0.0
30,Trichel,0,0.6221,0.2535,0.1198,0.0,0.0046,1.330376865742827,0.9155897707745984,0.4270378705214107,0.024390243902439,0.9658536585365852,0.0048780487804878,0.0048780487804878,0.0,n,0.2540057031630094,1.2133498565163108,0.8906056980307431,Trichel,0,0.0043,0.9997,0.0523,2.7142,0.4403,"['Tri', '##chel']",0.0001,0.0,0.0001,0.0,0.9997,Trichel,0,0.0,1.0,0.0,1.4844,0.7291,"['Tri', '##che', '##l']",0.0,0.0,0.0,0.0,1.0,nonce,hel,205.0,2.3138672203691533
31,Pflechter,0,0.8894,0.0691,0.0369,0.0,0.0046,0.6281537642018986,1.7712869025390583,0.7294688988926805,0.6148019439089947,0.3235685390818016,0.0508239893573697,0.0060272038660983,0.0047783237857356,0,1.2579380880311273,1.1285953228568526,0.4582355539773292,Pflechter,0,2.0657,0.3646,0.5734,1.7396,0.6868,"['P', '##f', '##lech', '##ter']",0.2977,0.0461,0.1431,0.1486,0.3646,Pflechter,n,2.1206,0.3754,0.5105,1.448,0.7375,"['Pfle', '##chter']",0.3754,0.2517,0.1556,0.0664,0.1509,nonce,ter,36833.0,4.566248883763941
32,Cherpak,s,0.0474,0.0711,0.8057,0.0046999999999999,0.0711,1.0383334380719562,2.2669684486666437,0.5528141287586572,1.0,0.0,0.0,0.0,0.0,0,-0.0,0.0,1.0,Cherpak,s,0.6661,0.8696,1.7017,1.4752,0.735,"['Cher', '##pak']",0.0116,0.8696,0.1105,0.0052,0.0031,Cherpak,s,0.6114,0.9029,2.114,2.2093,0.5469,"['Cher', '##pa', '##k']",0.0071,0.9029,0.0186,0.0131,0.0583,nonce,pak,2.0,0.47712125471966244
33,Kniempe,n,0.1674,0.7720999999999999,0.0512,0.0093,0.0,1.0020565330004343,1.581317047249693,0.5684377413724154,0.0024691358024691,0.9975308641975308,0.0,0.0,0.0,n,0.024944914977604,0.1846408104639045,0.989256809876012,Kniempe,0,0.0003,1.0,0.0047,2.7341,0.4459,"['K', '##niem', '##pe']",0.0,0.0,0.0,0.0,1.0,Kniempe,0,0.0,1.0,0.0,1.59,0.7243,"['Knie', '##mp', '##e']",0.0,0.0,0.0,0.0,1.0,nonce,mpe,405.0,2.6085260335771943
34,Pommeng,n,0.125,0.2917,0.2917,0.0231,0.2685,2.0468769421307207,0.4272625561237027,0.1184580837633494,0.0,0.7395543175487466,0.2520891364902507,0.0013927576601671,0.0069637883008356,n,0.8861751577596768,0.8340648878734683,0.6183451332059162,Pommeng,n,1.7303,0.5868,1.516,1.7532,0.6761,"['Po', '##mmen', '##g']",0.5868,0.0479,0.105,0.0724,0.1879,Pommeng,0,0.6817,0.8824,1.9942,2.0918,0.5678,"['Po', '##mmen', '##g']",0.0063,0.0624,0.0465,0.0025,0.8824,nonce,eng,718.0,2.8567288903828825
35,Sampa,s,0.0892,0.1972,0.7089,0.0046999999999999,0.0,1.1611243649626612,1.273864155807506,0.4999309550027268,1.0,0.0,0.0,0.0,0.0,0,-0.0,0.0,1.0,Sampa,e,0.8529,0.8605,2.521,1.6914,0.6736,"['Sam', '##pa']",0.0211,0.0506,0.8605,0.034,0.0338,Sampa,s,0.9868,0.7458,1.4135,1.7002,0.6871,"['Sam', '##pa']",0.0138,0.7458,0.225,0.0132,0.0021,nonce,mpa,3.0,0.6020599913279624
36,Fliffel,0,0.7465,0.1751,0.0783,0.0,0.0,1.0427608533020387,1.209191826123103,0.5509073448062036,0.6032285471537808,0.3933729821580289,0.0,0.0,0.0033984706881903,0,0.9972508024319522,0.2675431084231526,0.5705074568726776,Fliffel,n,2.0974,0.4174,0.6407,1.5873,0.6982,"['Fl', '##iff', '##el']",0.4174,0.1156,0.0927,0.1484,0.2259,Fliffel,s,1.3567,0.7326,2.2993,1.7942,0.6725,"['Fl', '##iffe', '##l']",0.0709,0.7326,0.0651,0.0921,0.0393,nonce,fel,1177.0,3.0711452904510828
37,Deipfer,0,0.7824,0.1574,0.0602,0.0,0.0,0.9409063060390092,1.3221640894004654,0.5947737106455688,0.7281780902167545,0.247510251903925,0.0005858230814294,0.0,0.023725834797891,0,0.9661834535818096,0.9820987699431272,0.5838874357439223,Deipfer,n,1.2669,0.7236,1.9442,1.8165,0.657,"['Dei', '##pfer']",0.7236,0.0896,0.1509,0.024,0.0119,Deipfer,e,1.6681,0.3862,0.4736,1.5203,0.7298,"['Dei', '##pfer']",0.2306,0.3629,0.3862,0.0193,0.0009,nonce,fer,3414.0,3.5333907080175515
38,Istrat,e,0.0138,0.129,0.1659,0.0,0.6912,1.2646480025609188,1.3640103608070049,0.4553457510826718,0.0023677979479084,0.2734806629834254,0.7067876874506709,0.0027624309392265,0.0146014206787687,e,0.9985652504727164,1.0594920201369615,0.569941354914715,Istrat,n,1.4754,0.6809,1.9356,1.7806,0.652,"['Ist', '##rat']",0.6809,0.126,0.0896,0.0188,0.0847,Istrat,s,1.9109,0.397,0.7609,2.3786,0.5078,"['Ist', '##rat']",0.0508,0.397,0.3084,0.0345,0.2092,nonce,rat,2534.0,3.403977963669355
39,Virong,e,0.0833,0.1435,0.3704,0.0,0.4028,1.7597457585914773,0.5536135125897298,0.2421187536055704,0.0,0.0,0.0063694267515923,0.0,0.9936305732484076,s,0.0556223658183098,0.3359172922444732,0.9760447509374712,Virong,s,1.3557,0.5817,1.0277,2.2426,0.5757,"['Vir', '##ong']",0.3259,0.5817,0.0823,0.0057,0.0045,Virong,e,1.2832,0.6148,0.9142,2.2856,0.5431,"['Vir', '##ong']",0.0845,0.2974,0.6148,0.0026,0.0008,nonce,ong,628.0,2.798650645445269
40,Nofte,n,0.2903,0.6498,0.0507,0.0092,0.0,1.2024731938604372,1.0889161416007909,0.4821229836926669,0.4350927246790299,0.5634807417974322,0.0,0.0,0.0014265335235378,n,1.0021751277227635,0.1361964534287839,0.5683866654055971,Nofte,n,2.0175,0.3458,0.62,2.337,0.5547,"['No', '##fte']",0.3458,0.2321,0.3062,0.0599,0.0559,Nofte,r,1.9596,0.3473,0.31,2.0141,0.6343,"['No', '##fte']",0.1558,0.2025,0.2912,0.3473,0.0033,nonce,fte,701.0,2.846337112129805
41,Brolck,e,0.0694,0.162,0.3657,0.0093,0.3935,1.8154861142072851,0.7550889471466866,0.2181126891031672,0.5,0.5,0.0,0.0,0.0,0,1.0,0.0,0.5693234419266069,Brolck,0,1.1641,0.6425,1.1171,2.4275,0.5284,"['Bro', '##lc', '##k']",0.3175,0.0277,0.0016,0.0107,0.6425,Brolck,0,0.2253,0.9725,1.2361,1.831,0.6536,"['Bro', '##lc', '##k']",0.0021,0.0136,0.0098,0.0019,0.9725,nonce,lck,2.0,0.47712125471966244
