,0_pct,n_pct,e_pct,s_pct,r_pct,hum_winner,0_prob,n_prob,s_prob,r_prob,e_prob,entropy,varentropy,confidence
Park,0.0,0.0,2.3,97.7,0.0,s,0.0,0.0,0.977,0.0,0.023,0.15796854699966337,0.6573559617742628,0.93196664989433
Biskuit,9.59,0.91,2.28,87.21,0.0,s,0.0959,0.0091,0.8721,0.0,0.022799999999999997,0.6826148520161587,1.7618114218367518,0.7060137850439022
Jodel,70.7,10.7,0.0,14.88,3.72,0,0.7070000000000001,0.107,0.14880000000000002,0.037200000000000004,0.0,1.2842869556998748,1.6028373089451715,0.4468877143406217
Schal,0.91,0.0,6.85,92.24,0.0,s,0.0091,0.0,0.9224,0.0,0.06849999999999999,0.4341306979870665,1.2670857542156315,0.8130300852369305
Test,0.46,0.0,3.2,96.35,0.0,s,0.0046,0.0,0.9634999999999999,0.0,0.032,0.24630563228824576,1.008497966772227,0.8939219380520075
Boykott,0.46,0.0,50.92,48.62,0.0,e,0.0046,0.0,0.48619999999999997,0.0,0.5092,1.0373528115674477,0.21021695429677864,0.5532364616063745
Kabarett,3.2,0.0,19.63,77.17,0.0,s,0.032,0.0,0.7717,0.0,0.1963,0.9085172314345424,1.1545850720103776,0.608722925815403
Bukett,2.28,5.94,10.5,80.82,0.46,s,0.022799999999999997,0.0594,0.8081999999999999,0.0046,0.105,0.9917479357714779,2.1441378973497596,0.5728774125455474
Labor,0.47,0.94,81.22,17.37,0.0,e,0.004699999999999999,0.009399999999999999,0.17370000000000002,0.0,0.8122,0.7820225114718622,1.2765341943734727,0.6632012364233879
Fazit,5.71,0.48,37.62,56.19,0.0,s,0.0571,0.0048,0.5619,0.0,0.3762,1.2707044693239586,0.7812049130853425,0.45273737282308
Limit,2.76,0.0,1.84,95.39,0.0,s,0.0276,0.0,0.9539,0.0,0.0184,0.3139570650587855,1.2575335995868668,0.8647860518376579
Konto,0.0,91.74,0.0,8.26,0.0,n,0.0,0.9174,0.08259999999999999,0.0,0.0,0.4112748418942123,0.9141820375255558,0.8228735666708217
Pastorale,50.93,48.61,0.0,0.46,0.0,0,0.5093,0.4861,0.0046,0.0,0.0,1.0373461143120435,0.21023668446745486,0.5532393459572805
Datscha,8.76,45.62,1.38,44.24,0.0,n,0.0876,0.4562,0.4424,0.0,0.0138,1.4300603514884163,0.7601691566456243,0.3841065299837422
Playlist,0.92,34.56,0.0,64.52,0.0,s,0.0092,0.3456,0.6452,0.0,0.0,0.9998580662260095,0.49107991239211546,0.5693845694758635
Tafel,3.2,96.8,0.0,0.0,0.0,n,0.032,0.968,0.0,0.0,0.0,0.2043246709802796,0.7494709967842281,0.9120021539727347
Lawine,0.0,100.0,0.0,0.0,0.0,n,0.0,1.0,0.0,0.0,0.0,-0.0,0.0,1.0
Wartezeit,1.37,98.63,0.0,0.0,0.0,n,0.0137,0.9863,0.0,0.0,0.0,0.10442752985728075,0.5143618847406538,0.9550255108729598
Teppich,0.46,0.0,99.54,0.0,0.0,e,0.0046,0.0,0.0,0.0,0.9954000000000001,0.042336201964281936,0.2755490339665003,0.981766790256123
Hase,0.0,100.0,0.0,0.0,0.0,n,0.0,1.0,0.0,0.0,0.0,-0.0,0.0,1.0
Untertitel,100.0,0.0,0.0,0.0,0.0,0,1.0,0.0,0.0,0.0,0.0,-0.0,0.0,1.0
Freizeichen,100.0,0.0,0.0,0.0,0.0,0,1.0,0.0,0.0,0.0,0.0,-0.0,0.0,1.0
Becken,100.0,0.0,0.0,0.0,0.0,0,1.0,0.0,0.0,0.0,0.0,-0.0,0.0,1.0
Kissen,100.0,0.0,0.0,0.0,0.0,0,1.0,0.0,0.0,0.0,0.0,-0.0,0.0,1.0
Gupel,53.0,35.48,0.46,11.06,0.0,0,0.53,0.35479999999999995,0.1106,0.0,0.0046,1.4028887715065113,0.662766679510057,0.39580869252776496
Maffer,80.65,14.29,0.0,4.15,0.92,0,0.8065000000000001,0.1429,0.0415,0.0092,0.0,0.9040747719646811,1.6817885479374128,0.6106361889692634
Morfett,3.23,32.26,37.79,26.73,0.0,e,0.0323,0.3226,0.2673,0.0,0.3779,1.725841588413266,0.38667446887307144,0.2567204849222571
Trilit,3.74,16.82,23.83,55.14,0.47,s,0.0374,0.16820000000000002,0.5514,0.004699999999999999,0.23829999999999998,1.6128571426232907,1.0597515927875778,0.30538023715091356
Knidoka,15.46,22.71,0.0,61.84,0.0,s,0.15460000000000002,0.2271,0.6184000000000001,0.0,0.0,1.330864898863963,0.6864819886841456,0.42682768609657395
Grimzo,7.58,18.48,0.47,73.46,0.0,s,0.0758,0.1848,0.7345999999999999,0.0,0.004699999999999999,1.0954877811960777,1.3727752637008428,0.5281990929830149
Trichel,62.21,25.35,0.46,11.98,0.0,0,0.6221,0.2535,0.1198,0.0,0.0046,1.330376865742827,0.9155897707745985,0.42703787052141073
Pflechter,88.94,6.91,0.46,3.69,0.0,0,0.8894,0.0691,0.0369,0.0,0.0046,0.6281537642018986,1.7712869025390585,0.7294688988926805
Cherpak,4.74,7.11,7.11,80.57,0.47,s,0.047400000000000005,0.0711,0.8057,0.004699999999999999,0.0711,1.0383334380719562,2.2669684486666433,0.5528141287586572
Kniempe,16.74,77.21,0.0,5.12,0.93,n,0.1674,0.7720999999999999,0.0512,0.009300000000000001,0.0,1.0020565330004345,1.581317047249693,0.5684377413724154
Pommeng,12.5,29.17,26.85,29.17,2.31,n,0.125,0.2917,0.2917,0.0231,0.2685,2.0468769421307207,0.4272625561237027,0.11845808376334943
Sampa,8.92,19.72,0.0,70.89,0.47,s,0.0892,0.1972,0.7089,0.004699999999999999,0.0,1.1611243649626612,1.2738641558075061,0.4999309550027268
Fliffel,74.65,17.51,0.0,7.83,0.0,0,0.7465,0.1751,0.0783,0.0,0.0,1.0427608533020387,1.209191826123103,0.5509073448062036
Deipfer,78.24,15.74,0.0,6.02,0.0,0,0.7824,0.1574,0.0602,0.0,0.0,0.9409063060390093,1.3221640894004654,0.5947737106455688
Istrat,1.38,12.9,69.12,16.59,0.0,e,0.0138,0.129,0.1659,0.0,0.6912,1.2646480025609188,1.3640103608070047,0.45534575108267183
Virong,8.33,14.35,40.28,37.04,0.0,e,0.0833,0.1435,0.3704,0.0,0.4028,1.7597457585914773,0.5536135125897298,0.24211875360557045
Nofte,29.03,64.98,0.0,5.07,0.92,n,0.2903,0.6498,0.0507,0.0092,0.0,1.2024731938604372,1.0889161416007909,0.48212298369266693
Brolck,6.94,16.2,39.35,36.57,0.93,e,0.0694,0.162,0.3657,0.009300000000000001,0.3935,1.8154861142072853,0.7550889471466866,0.21811268910316728
